{
  "1": {
    "0": 3.24251127243042,
    "1": 1.2015199661254883,
    "2": 5.987001895904541,
    "3": 5.002279281616211,
    "4": 3.7155799865722656,
    "5": 1.0160927772521973,
    "6": 0.2882513999938965,
    "7": 5.795744895935059,
    "8": 6.2246551513671875,
    "9": 5.796085834503174,
    "10": 1.2781400680541992,
    "11": 5.868747711181641,
    "12": 0.046722412109375,
    "13": 3.554936408996582,
    "14": 4.863770008087158,
    "15": 4.2450337409973145,
    "16": 6.112562656402588,
    "17": 0.2687649726867676,
    "18": 0.466796875,
    "19": 4.909106731414795,
    "20": 6.180760860443115,
    "21": 4.085651874542236,
    "22": 4.662721157073975,
    "23": 1.1449999809265137,
    "24": 0.26239633560180664,
    "25": 3.6350011825561523,
    "26": 3.730062484741211,
    "27": 0.5007681846618652,
    "28": 4.290281772613525,
    "29": 4.1734466552734375,
    "30": 3.6060872077941895,
    "31": 0.9980316162109375,
    "32": 1.8221211433410645,
    "33": 6.184649467468262,
    "34": 0.5732650756835938,
    "35": 0.6329531669616699,
    "36": 5.336152076721191,
    "37": 3.6690988540649414,
    "38": 0.6594009399414062,
    "39": 0.45314979553222656,
    "40": 4.37091064453125,
    "41": 4.9232587814331055,
    "42": 4.135796070098877,
    "43": 5.665088176727295,
    "44": 0.9606404304504395,
    "45": 3.850475311279297,
    "46": 3.7567191123962402,
    "47": 4.79631233215332,
    "48": 3.6912713050842285,
    "49": 0.1710824966430664,
    "50": 1.0120820999145508,
    "51": 1.4227705001831055,
    "52": 4.331339359283447,
    "53": 4.845423221588135,
    "54": 6.167177200317383,
    "55": 5.89054012298584,
    "56": 0.6844088435173035,
    "57": 4.407071113586426,
    "58": 4.412925720214844,
    "59": 4.248093605041504,
    "60": 1.1325569152832031,
    "61": 1.0716381072998047,
    "62": 0.7888474464416504,
    "63": 5.260400772094727,
    "64": 4.181816577911377,
    "65": 3.5402183532714844,
    "66": 5.28638219833374,
    "67": 3.9958982467651367,
    "68": 4.7936835289001465,
    "69": 4.850973606109619,
    "70": 4.627627849578857,
    "71": 5.7356696128845215,
    "72": 0.9572259783744812,
    "73": 3.031414031982422,
    "74": 0.36523866653442383,
    "75": 5.590758800506592,
    "76": 0.7468247413635254,
    "77": 3.406186103820801,
    "78": 3.869295120239258,
    "79": 0.6827387809753418,
    "80": 5.004105567932129,
    "81": 3.944636821746826,
    "82": 0.3666510581970215,
    "83": 0.7673120498657227,
    "84": 0.9168438911437988,
    "85": 5.389697551727295,
    "86": 5.275656700134277,
    "87": 4.394892692565918,
    "88": 1.5758137702941895,
    "89": 3.0405502319335938,
    "90": 0.12751293182373047,
    "91": 0.11770915985107422,
    "92": 0.7022914886474609,
    "93": 0.6406583786010742,
    "94": 0.07820558547973633,
    "95": 0.09956121444702148,
    "96": 1.5635714530944824,
    "97": 5.230600833892822,
    "98": 5.399205684661865,
    "99": 4.245642185211182,
    "100": 0.07085371017456055,
    "101": 5.068030834197998,
    "102": 5.222515106201172,
    "103": 5.995510578155518,
    "104": 5.504603385925293,
    "105": 4.421097755432129,
    "106": 4.583910942077637,
    "107": 0.31318140029907227,
    "108": 4.248715877532959,
    "109": 4.9288787841796875,
    "110": 4.163088798522949,
    "111": 1.8896737098693848,
    "112": 4.189971446990967,
    "113": 4.153970241546631,
    "114": 4.127863883972168,
    "115": 4.59489107131958,
    "116": 5.493467330932617,
    "117": 5.203548431396484,
    "118": 0.8962044715881348,
    "119": 0.5407476425170898,
    "120": 1.5082106590270996,
    "121": 1.4681439399719238,
    "122": 6.229595184326172,
    "123": 4.242830753326416,
    "124": 0.6808338165283203,
    "125": 3.910525321960449,
    "126": 5.306097507476807,
    "127": 5.826840877532959,
    "128": 1.1605167388916016,
    "129": 0.1564016342163086,
    "130": 3.701996326446533,
    "131": 0.7207212448120117,
    "132": 3.9256629943847656,
    "133": 2.0760388374328613,
    "134": 0.6233100891113281,
    "135": 0.6796789169311523,
    "136": 3.4491400718688965,
    "137": 3.4163241386413574,
    "138": 3.9488439559936523,
    "139": 3.731247901916504,
    "140": 4.321703910827637,
    "141": 3.836183547973633,
    "142": 0.047054290771484375,
    "143": 0.8324089050292969,
    "144": 0.5309834480285645,
    "145": 0.26686620712280273,
    "146": 5.481882572174072,
    "147": 6.209106922149658,
    "148": 4.569972038269043,
    "149": 4.773136138916016,
    "150": 1.8640193939208984,
    "151": 3.3763580322265625,
    "152": 0.7247133255004883,
    "153": 4.814877986907959,
    "154": 0.8248105049133301,
    "155": 0.3562469482421875,
    "156": 4.073910713195801,
    "157": 4.620433807373047,
    "158": 0.3450350761413574,
    "159": 3.5513386726379395,
    "160": 3.838702440261841,
    "161": 4.181535720825195,
    "162": 5.415651321411133,
    "163": 3.400515079498291,
    "164": 5.81778621673584,
    "165": 4.092692852020264,
    "166": 4.2727155685424805,
    "167": 4.957326412200928,
    "168": 3.7401018142700195,
    "169": 4.021937847137451,
    "170": 5.305721282958984,
    "171": 1.596703052520752,
    "172": 6.021631717681885,
    "173": 3.6988348960876465,
    "174": 3.722074031829834,
    "175": 5.3787102699279785,
    "176": 5.242837429046631,
    "177": 0.692206859588623,
    "178": 0.5666394233703613,
    "179": 5.990493297576904,
    "180": 5.806540012359619,
    "181": 0.6411037445068359,
    "182": 3.166802406311035,
    "183": 5.023031234741211,
    "184": 5.282798767089844,
    "185": 3.8825597763061523,
    "186": 4.698855876922607,
    "187": 1.3826026916503906,
    "188": 4.556618690490723,
    "189": 2.9914398193359375,
    "190": 4.1598076820373535,
    "191": 3.6559767723083496,
    "192": 5.375614166259766,
    "193": 0.49102067947387695,
    "194": 0.8241851925849915,
    "195": 0.12491941452026367,
    "196": 4.12960147857666,
    "197": 0.8361301422119141,
    "198": 4.349027633666992,
    "199": 5.650269508361816,
    "200": 0.17908094823360443,
    "201": 3.8031344413757324,
    "202": 5.131608963012695,
    "203": 0.6665143966674805,
    "204": 4.622579097747803,
    "205": 4.0593156814575195,
    "206": 0.45986318588256836,
    "207": 0.5952682495117188,
    "208": 4.2936787605285645,
    "209": 4.469289779663086,
    "210": 0.4902620315551758,
    "211": 3.960777759552002,
    "212": 4.029164791107178,
    "213": 0.9595870971679688,
    "214": 1.0905756950378418,
    "215": 2.8475470542907715,
    "216": 3.9823644161224365,
    "217": 4.90226936340332,
    "218": 0.5961594581604004,
    "219": 1.090959072113037,
    "220": 0.627779483795166,
    "221": 5.829595565795898,
    "222": 4.117546081542969,
    "223": 5.248510360717773,
    "224": 3.4863457679748535,
    "225": 3.7618894577026367,
    "226": 4.954078674316406,
    "227": 5.1227617263793945,
    "228": 5.528247356414795,
    "229": 0.0028810501098632812,
    "230": 5.705810070037842,
    "231": 3.7519516944885254,
    "232": 4.259644508361816,
    "233": 5.7862868309021,
    "234": 5.918324947357178,
    "235": 4.29124116897583,
    "236": 5.66802978515625,
    "237": 3.681321620941162,
    "238": 0.7901663780212402,
    "239": 3.5836262702941895,
    "240": 0.879241943359375,
    "241": 4.2435503005981445,
    "242": 3.371525764465332,
    "243": 1.1406149864196777,
    "244": 0.4683871269226074,
    "245": 0.9244952201843262,
    "246": 3.5302624702453613,
    "247": 4.6792683601379395,
    "248": 5.065545558929443,
    "249": 1.932960867881775,
    "250": 0.8225760459899902,
    "251": 0.7882895469665527,
    "252": 0.7923622131347656,
    "253": 6.111788272857666,
    "254": 0.7214870452880859,
    "255": 6.19622802734375,
    "256": 4.926828384399414,
    "257": 0.5821919441223145,
    "258": 3.614809513092041,
    "259": 5.769532680511475,
    "260": 0.05879974365234375,
    "261": 1.0698027610778809,
    "262": 4.752171993255615,
    "263": 2.8987503051757812,
    "264": 6.09714937210083,